"AMASCARA.jpg","Awinecase.jpg"
"AMEATGR14.jpg","Abicycleodome.jpg"
"Aspoon14.jpg","Apants8.jpg"
"Abugle12.jpg","AKNIFE13.jpg"
"ASERVICEB.jpg","ADRAWBRI3.jpg"
"8031659.thl.jpg","seesaw.jpg"
"B_brush.jpg","Acomputerbag.jpg"
"APITCHE15.jpg","ACHESSPI4.jpg"
"Aorcatoy4.jpg","Awindow19.jpg"
"26465824.thl.jpg","30835757.thl.jpg"
"26684634.thl.jpg","26384863.thl.jpg"
"Astreetlampwi.jpg","Abowlofwonto5.jpg"
"Akangarooandb.jpg","Atelecommuni4.jpg"
"Aashtray14.jpg","Ashark7.jpg"
"26423905.thl.jpg","ABAMBCHAI.jpg"
"AMINCOLLE.jpg","Afeatherhat.jpg"
"Aringclamp2.jpg","Abreastpump2.jpg"
"26421536.thl.jpg","AANTSTOV6.jpg"
"Ajuicer27.jpg","ALINENCA3.jpg"
"AAEROBENC.jpg","Ablossom.jpg"
"26427867.thl.jpg","Aglass43.jpg"
"AMODELSA4.jpg","bobbypins.JPG"
"AHUNTVES2.jpg","AHEARTES3.jpg"
"Alipstick3.jpg","Ashoeform2.jpg"
"26372690.thl.jpg","Apurse83.jpg"
"Atoy12.jpg","Astool76.jpg"
"26437080.thl.jpg","26426317.thl.jpg"
"Afirealarm2.jpg","AGASLAMP.jpg"
"Aheadlightan2.jpg","Abedspringsam.jpg"
"Apolicehelme5.jpg","Aclock261.jpg"
"Atoy51.jpg","22822309.thl.jpg"
"Abaseballcap.jpg","AFLUTE6.jpg"
"Aoutdoorhalo2.jpg","Aeggcup224.jpg"
"tricycle.jpg","Abeetle10.jpg"
"gondola.jpg","Adolphin3.jpg"
"ASPOTLIG2.jpg","Abicyclehand5.jpg"
"10050937.thl.jpg","ADOG15.jpg"
"ASHADES11.jpg","Apig5.jpg"
"22991767.thl.jpg","JU3VU.jpg"
"26370659.thm.jpg","26392231.thl.jpg"
"Alobster10.jpg","Ascale60.jpg"
"8255981.thl.jpg","Awichbro2.jpg"
"AASPHALT.jpg","silver-bowl-small.jpg"
"ABUILDAR4.jpg","ATRICKTR2.jpg"
"AHAZELNU3.jpg","mascara.jpg"
"26421575.thl.jpg","26374346.thl.jpg"
"ASLED7.jpg","ACUPEANE2.jpg"
"tuba1.jpg","Atoiletplung2.jpg"
"26424973.thl.jpg","26432899.thl.jpg"
"FJVWL.jpg","ADRYRACK2.jpg"
"ARAILLIGH.jpg","ACHOPSTI2.jpg"
"ABUSTFOR7.jpg","Apaperclipsin.jpg"
"AROCKSHO2.jpg","airhocckytable.jpg"
"Apostalscale2.jpg","Agardeningshe.jpg"
"AWALLEYE2.jpg","Abuilding116.jpg"
"26424784.thl.jpg","26772987.thl.jpg"
"34936916.thl.jpg","Afruitbasket2.jpg"
"26467443.thl.jpg","ABOY.jpg"
"Atrumpetwith2.jpg","ASAFE.jpg"
"Afirstaidkit3.jpg","26386846.thl.jpg"
"AARTIFLE2.jpg","ACOLUMN5.jpg"
"dvdmovie.jpg","skateboard.jpg"
"26429097.thl.jpg","AHANDRAK.jpg"
"26439913.thl.jpg","Awomansshoe3.jpg"
"Acliplatch.jpg","AEASEL22.jpg"
"ASTREESW2.jpg","tuxedo.jpg"
"gingerbreadcookie.jpg","snowflake.jpg"
"clothpiece.jpg","Agardeningpai.jpg"
"AMOUSWHEE.jpg","ASCYTHE7.jpg"
"ASUSHI8.jpg","Amouthpiece4.jpg"
"Areceiptmach2.jpg","APILL.jpg"
"mriscanner.jpg","ABULDOZER.jpg"
"Arose10.jpg","Azucchini9.jpg"
"23014831.thl.jpg","Atoycoil.jpg"
"Ahulahoop2.jpg","A4DOMINO.jpg"
"ASWITCH6.jpg","26433347.thl.jpg"
"26440073.thl.jpg","8021822.thl.jpg"
"Awastepaperb3.jpg","elecmap.jpg"
"nintendo.jpg","ACLSIGN2.jpg"
"ADESKLA12.jpg","ATOASTE22.jpg"
"potatomr.jpg","ATINSTRAP.jpg"
"23071000.thl.jpg","ABUSINEST.jpg"
"Apaperclip6.jpg","AELEPHAN7.jpg"
"8029703.thl.jpg","ASTAMPS.jpg"
"ACAESALAD.jpg","chunkysoup.jpg"
"ACHIPPER.jpg","Adeer16.jpg"
"Aallterrain10.jpg","A3leafcl4.jpg"
"woodvase.jpg","Astatue99.jpg"
"Acardboardpan.jpg","Hammock.jpg"
"imate.jpg","ACUTPIN.jpg"
"ATELEPH12.jpg","22910996.thl.jpg"
"AOPGLASS.jpg","ABAKBRUS2.jpg"
"Asaltgrinder.jpg","Aantelope2.jpg"
"APAINTJ11.jpg","26374166.thl.jpg"
"ACDRAINER.jpg","makeupfoundation.jpg"
"Abrassbu2.jpg","Apuzzle8.jpg"
"Atool120.jpg","8056402.thl.jpg"
"ABEARIN28.jpg","ALIONMAS2.jpg"
"AFRYPAN7.jpg","D_exercisebike.jpg"
"26461587.thl.jpg","AIVORSUIT.jpg"
"Astampandseal.jpg","ABARROWRE.jpg"
"Acalligraphy2.jpg","AANTCABL2.jpg"
"Aconnector2.jpg","Acactus58.jpg"
"gingerroot.jpg","Alambtoy6.jpg"
"8256530.thl.jpg","AFERRAF40.jpg"
"23057742.thl.jpg","AANGLE.jpg"
"bands-a.jpg","kimono.JPG"
"26384637.thl.jpg","26688546.thl.jpg"
"ABOX8.jpg","BattleStar.jpg"
"AARTIHAN5.jpg","26387690.thl.jpg"
"kotsltd.jpg","Brusselssprouts.jpg"
"ABAT.jpg","Adill.jpg"
"AHCONGADR.jpg","A_coin.jpg"
"Asewingpin.jpg","AICEAXE2.jpg"
"26434297.thl.jpg","Acandlesnuffe.jpg"
"26451168.thl.jpg","APOTPBAG2.jpg"
"26428041.thl.jpg","ACAMLENSE.jpg"
"AFOODTAB2.jpg","8258007.thl.jpg"
"Awatch53.jpg","Abasketofbrea.jpg"
"Aplum11.jpg","8074514.thl.jpg"
"AREDROSE8.jpg","Aschogirl.jpg"
"26282515.thl.jpg","Asign6.jpg"
"ALAB13.jpg","chocolatbox.jpg"
"AAFRICI13.jpg","8252024.thl.jpg"
"Ajacket12.jpg","AELECTHE4.jpg"
"Abrownbagwith.jpg","ACAMPFIRE.jpg"
"Asaturn.jpg","Amixer29.jpg"
"Acomputerdriv.jpg","AANBABYCA.jpg"
"celery.jpg","26419025.thl.jpg"
"8063317.thl.jpg","AANTIQTHE.jpg"
"Ablackma3.jpg","Aboots56.jpg"
"Acarvedpumpk2.jpg","playjukebox.jpg"
"AWINTSOC2.jpg","AANTFRYI2.jpg"
"AMETSCULP.jpg","26420979.thl.jpg"
"biblebar.jpg","AWASHCLOT.jpg"
"Abrooch100.jpg","tofu.jpg"
"26685596.thl.jpg","26423812.thl.jpg"
"dftslpi.jpg","showercurtainsuchi.jpg"
"Agarbagebag.jpg","D_podium.jpg"
"Aribbon21.jpg","cranemachine.jpg"
"gascontainer.jpg","acquarium.jpg"
"AJUG3.jpg","Atoybucketan4.jpg"
"AHEATER3.jpg","ANWSPAPER.jpg"
"ABOOTCRA5.jpg","Acandycanesin.jpg"
"ball8.JPG","ABARBCHA3.jpg"
"Acamcorde.jpg","Acamelsculpt2.jpg"
"Afrog45.jpg","ABATHSALT.jpg"
"26374055.thl.jpg","AANALCIME.jpg"
"AKEYHOL10.jpg","ATIMECLO3.jpg"
"AAIRPUMP2.jpg","sausage.jpg"
"26433942.thl.jpg","Abackaccesso4.jpg"
"AROUNDFR3.jpg","ABULLMASK.jpg"
"Atoyworm.jpg","AADDBOOK.jpg"
"A1OCLOC2.jpg","APIPE8.jpg"
"fortune-cookie.jpg","Aantiquewate3.jpg"
"Acontrolpane2.jpg","AHARMONS2.jpg"
"Achildtoy2.jpg","AOVENMIT5.jpg"
"AMILKJUG.jpg","ARASPBER2.jpg"
"ACUPBOAR5.jpg","8048786.thl.jpg"
"Apairofrubbe3.jpg","8255336.thl.jpg"
"Ajug158.jpg","26442809.thl.jpg"
"22856256.thl.jpg","Atelescope2.jpg"
"ASPARKER2.jpg","Ahumansku101.jpg"
"spoon-a.jpg","ASADDLE2.jpg"
"Acamera101.jpg","AADZUKIB2.jpg"
"Arake4.jpg","Acomputerkey2.jpg"
"AFOUNTAI5.jpg","ABOAT16.jpg"
"blueberriespack.jpg","Agreenlighter.jpg"
"Apinkshoe.jpg","Apumpcart2.jpg"
"Acow60.jpg","Atelephoneja2.jpg"
"Aperfumebottl.jpg","26434233.thl.jpg"
"butternutsquash.jpg","23016235.thl.jpg"
"10053101.thm.jpg","ABABYSPOO.jpg"
"26377777.thl.jpg","beanbagchair.jpg"
"AELECSAW.jpg","AARMHEL12.jpg"
"AGOOSNEC2.jpg","ASPOONS2.jpg"
"ATOWELRA3.jpg","Adustpanbrush.jpg"
"AGIFTBOX8.jpg","ABUILDI12.jpg"
"AGRAINSI5.jpg","ACOCONUT2.jpg"
"ASALAMI.jpg","Amagnifyinglo.jpg"
"23051010.thl.jpg","Acarnivalgame.jpg"
"AWATEHOSE.jpg","APBREAD2.jpg"
"AMANJUI2.jpg","26425322.thl.jpg"
"8024597.thl.jpg","B_makeupbag.jpg"
"AMAILBOX9.jpg","Arubberstampa.jpg"
"Adigitalcamer.jpg","AMETICUBE.jpg"
"Aadjustablech.jpg","22827276.thl.jpg"
"Astamp23.jpg","A_flower.jpg"
"23007415.thl.jpg","ATOYTREE.jpg"
"ABLACKNEC.jpg","Apenandcase10.jpg"
"AFRUIT2.jpg","22854888.thl.jpg"
"funlamp.jpg","ADRUMSTI4.jpg"
"Acanister10.jpg","Ajuicer9.jpg"
"Afoodgrinder2.jpg","AANTICOT.jpg"
"Acampingcoffe.jpg","AMAGHOLDE.jpg"
"Awindtoy5.jpg","Adress6.jpg"
"paintbrush03.jpg","Acane116.jpg"
"Abridge9.jpg","Atoyslide.jpg"
"ACLARINE5.jpg","image004.jpg"
"Abandage3.jpg","Aclothespin2.jpg"
"Ajoystick10.jpg","voguemagazine.jpg"
"8055554.thl.jpg","Abananasundae.jpg"
"ADENTRAY3.jpg","AALIEN.jpg"
"Atable132.jpg","Agratedchees2.jpg"
"Azebratoy2.jpg","26426575.thl.jpg"
"23025307.thl.jpg","Agiraffe15.jpg"
"ABAGGROCE.jpg","Abaleofhay.jpg"
"Agroupofmole7.jpg","Apercussion16.jpg"
"22852560.thl.jpg","26434546.thl.jpg"
"Atoyfiretru11.jpg","AMEASDEVI.jpg"
"ACHEESEGR.jpg","AHAMPER.jpg"
"pencil-a.jpg","Abasketandch2.jpg"
"ADUSTER5.jpg","26370116.thl.jpg"
"Agroundhog.jpg","26418799.thl.jpg"
"26465344.thl.jpg","8054039.thl.jpg"
"Aconchshe.jpg","railroadblock.jpg"
"AMETALPER.jpg","Acougar.jpg"
"26373362.thl.jpg","Aseeder2.jpg"
"26433592.thl.jpg","AGLASSTRO.jpg"
"toypieces.jpg","Ahourglass4.jpg"
"8245207.thl.jpg","Acameo.jpg"
"euthsda.jpg","23063814.thl.jpg"
"Apyramid3.jpg","AOTOSCOP5.jpg"
"checkejellyjar.jpg","AHONEYSTI.jpg"
"ACREPMAK3.jpg","AMANGO.jpg"
"Aeggsandwich6.jpg","22925228.thl.jpg"
"scooter.jpg","Astapler12.jpg"
"AWASMACH.jpg","Agasblower2.jpg"
"Agluegun.jpg","whitemalerobe.jpg"
"26431753.thl.jpg","ADECKCARD.jpg"
"Abeaver.jpg","Aroadsignin15.jpg"
"AWOODBOX3.jpg","for28524.jpg"
"Areceptacle3.jpg","ACOMB5.jpg"
"ACEDAR.jpg","26420956.thl.jpg"
"AFISH20.jpg","vendingmachine.jpg"
"gumballmachine.jpg","ACHINLAMP.jpg"
"AELECOVER.jpg","Arubberducky2.jpg"
"ASNOWSH11.jpg","8059226.thl.jpg"
"AWHISBARR.jpg","ACHINBRB4.jpg"
"AMECHHAN3.jpg","Aeasteregg14.jpg"
"AANSHIEL4.jpg","AFOOTST11.jpg"
"apparatus.jpg","8077486.thl.jpg"
"Acompass20.jpg","Aqueenofspade.jpg"
"Chevypickup.jpg","AMIXBOAR2.jpg"
"baseballbat04.jpg","26687176.thl.jpg"
"Achair611.jpg","ALEOPARD4.jpg"
"26374803.thl.jpg","10049566.thl.jpg"
"APICTURE.jpg","ACATCAGE.jpg"
"Atrailer5.jpg","Afoodproces13.jpg"
"Afuse11.jpg","AGAUGE.jpg"
"26437491.thl.jpg","ANEWSBOX4.jpg"
"Atoyfurnitu14.jpg","Afloweredsan3.jpg"
"APINGPON3.jpg","Atoy17.jpg"
"ADARKLAMP.jpg","Acoffeebeans2.jpg"
"AANTRAD26.jpg","ACURLER.jpg"
"ABAKECON3.jpg","26282587.thl.jpg"
"makeupcrayon.jpg","AXYLOPHN2.jpg"
"AHYDRANTF.jpg","MAT-J0150-J0153.jpg"
"Abottle98.jpg","Aruler12.jpg"
"ASTRAINE8.jpg","ADANGEAR5.jpg"
"Aacupuncture2.jpg","radish.jpg"
"ABLAKBEN2.jpg","clips-a.jpg"
"Apaintroller2.jpg","swingset.jpg"
"Abikinitop5.jpg","26432173.thl.jpg"
"Asantaclaus2.jpg","ABLAKPOT3.jpg"
"AMECHHAN4.jpg","Aoutdoorrece2.jpg"
"26374146.thl.jpg","8057434.thl.jpg"
"AWOODENF3.jpg","ALUNCHBO3.jpg"
"AEARING49.jpg","AFBLADE.jpg"
"26374709.thl.jpg","butterflycross-stitch.jpg"
"A_cookie.jpg","23028486.thl.jpg"
"ADINROO16.jpg","DSCN3767-sm.jpg"
"ABRIDGE3.jpg","ACRICKET2.jpg"
"Aplasticbot10.jpg","AMAGGLASS.jpg"
"35314138.thl.jpg","A56THUND4.jpg"
"Asunflower3.jpg","Apineapple3.jpg"
"ASTONEOWL.jpg","B_orange.jpg"
"ARCMPPOL2.jpg","ASUSHI9.jpg"
"Apotboilinge2.jpg","ABLACKB12.jpg"
"22859028.thl.jpg","gun.jpg"
"9815480.thl.jpg","03015528000.jpg"
"gymvaulting2.jpg","AWEIGHT11.jpg"
"Aantiquevege3.jpg","shavingcream01.jpg"
"Atoyball.jpg","ATOYDOLL.jpg"
"8058011.thl.jpg","ACHAIRDE2.jpg"
"Abicycleglove.jpg","AWOODPIN.jpg"
"26440261.thl.jpg","Achair485.jpg"
"AWALKTA25.jpg","ACANDLE30.jpg"
"AANTICAN2.jpg","Agame3.jpg"
"Adecorati133.jpg","AHOSPLIF2.jpg"
"ASTAR.jpg","Acandle120.jpg"
"ATHERMO12.jpg","Asandgarden.jpg"
"AWINEJUG3.jpg","AASCDESC.jpg"
"carbattery.jpg","ABONGO3.jpg"
"26383637.thl.jpg","Atray22.jpg"
"Aindustrialve.jpg","AHALLOWE3.jpg"
"AROCKCH27.jpg","AIRONBOA8.jpg"
"wok.jpg","26377631.thl.jpg"
"Abib2.jpg","AGLASSBO7.jpg"
"Askirt2.jpg","AHEADLIG9.jpg"
